addr,name,kind,span,frame,a5_args,far_slot,callers,calls,os_calls,globals,strings,status
010000,entry,asm,6,,,-32766,0,c_startup,,0,,todo
010006,main,asm,520,,,-32760,1,frame_update choose_night free_mission_assets logic_tick run_queued_ticks input_queue_clear sound_slots_clear open_libraries install_vblank_server map_load load_ship_shapes sounds_load init_assets campaign_reset mission_reset_tables player_restart_state build_master_lists load_dash_assets display_init ticker_clear fade_out_pair title_sequence rank_select demo_end mission_briefing mission_display_setup high_score_screen wait_next_vblank sub_01aa50 sub_01ccb6 ingame_keys dashboard_invalidate crack_text_screen poll_fire,intuition.CloseWorkBench,26,"""wofdemo""",partial
01020e,fatal_exit,asm,26,,,-32754,3,free_mission_assets sub_012470 sub_0134d8,,1,,todo
010228,frame_update,asm,228,,,,1,weapon_marker draw_objects smoke_draw snapshot_for_draw draw_game_over player_lost_restart draw_world soldiers_draw map_window clip_playfield splashes_draw balloons_draw cop_set_split_line wait_vblank draw_dashboard clip_dashboard draw_set_target,,13,,ported
01030c,flip_buffers,asm,56,,,,1,flip_view,,4,,ported
010344,weapon_marker,asm,98,,,,1,shape_blit blit_begin blit_end,,5,,ported
0103a6,draw_player,asm,792,,,-32742,1,clip_playfield clip_to_waterline ship_of_record shape_draw shape_draw_xor line_draw,,35,,ported
0106be,draw_objects,asm,68,,,,1,object_draw blit_begin blit_end,,3,,ported
010702,object_draw,asm,210,,,,1,draw_world_shape,,4,,ported
0107d4,object_free_unused,asm,30,,,,0,,,1,,todo
0107f2,object_draw_first,asm,46,,,,1,,,3,,verified
010820,object_spawn,asm,378,,,-32736,3,sub_012324 cosine sine rand_beam,,12,,verified
01099a,rocket_homing,asm,216,,,,1,pillbox_between ship_gun_between guns_ground_x cosine sine bearing_of,,0,,verified
010a72,objects_step,asm,52,,,-32730,1,object_step,,3,,verified
010aa6,object_step,asm,768,,,,1,rocket_homing airfield_at soldiers_hit sub_012324 sub_01233e weapon_hit map_slot_at splash_spawn ground_height,,7,,verified
010da6,draw_enemy_aircraft,asm,314,,,-32724,1,shape_draw shape_draw_xor,,10,,partial
010ee0,smoke_draw,asm,166,,,,1,draw_world_shape blit_begin blit_end,,8,,ported
010f86,sub_010f86,asm,2,,,,0,,,0,,todo
010f88,snapshot_for_draw,asm,244,,,,1,,exec.Forbid exec.Permit,24,,ported
01107c,weapon_drop,asm,22,,,-32718,1,object_draw_first,,2,,verified
011092,sub_011092,asm,48,,,-32712,0,,,0,,todo
0110c2,draw_game_over,asm,100,,,,1,clip_playfield shape_find shape_draw draw_set_target blit_begin blit_end,,6,,verified
011126,airfield_at,asm,54,,,,1,,,1,,verified
01115c,pillbox_between,asm,74,,,,1,,,2,,verified
0111a6,ship_gun_between,asm,86,,,,1,,,1,,verified
0111fc,choose_night,asm,56,,,,1,rand_beam,,4,,ported
011234,free_mission_assets,asm,34,,,,2,mem_free_var free_map sub_01346c sub_0134ae,exec.AllocMem,2,,ported
011256,sub_011256,asm,30,,,-32706,1,mem_free_var sub_01346c sub_0134ae,exec.AllocMem,2,,todo
011274,shot_origin,asm,60,,,,1,,,14,,ported
0112b0,weapon_menu,asm,214,,,,1,weapon_gauge_reset,,10,,ported
011386,logic_tick,asm,218,,,-32700,3,objects_step shot_origin weapon_menu lift_step ship_launches airfields_step input_queue_pop gun_splashes engine_smoke balloons_step ships_sinking target_timers sound_channels engine_sound guns player_update enemy_aircraft_step,,16,,ported
011460,lift_step,asm,120,,,,1,sound_slots_clear sub_012354 player_restart_state engine_idle,,4,,ported
0114d8,run_queued_ticks,asm,56,,,,1,logic_tick wait_next_vblank,,4,,partial
011510,ship_launches,asm,274,,,,1,sub_01e4d0,,8,,partial
011622,airfields_step,asm,242,,,,1,sub_01e4d0,,4,,partial
011714,input_queue_pop,asm,54,,,,2,os_disable os_enable,,2,,ported
01174a,input_queue_clear,asm,10,,,-32694,2,,,2,,ported
011754,vblank_server,asm,530,,,-32688,0,input_queue_pop vblank_every_frame read_joystick,,25,,ported
011966,sub_011966,asm,86,,,,0,,,5,,todo
0119bc,gun_splashes,asm,88,,,,1,guns_ground_x soldiers_hit map_slot_at splash_spawn,,6,,verified
011a14,ricochet_spawn,asm,46,,,-32682,0,map_slot_at,,1,,todo
011a42,sub_011a42,asm,4,,,,0,,,0,,todo
011a46,guns_ground_x,asm,62,,,,2,tangent,,3,,verified
011a84,soldiers_hit_c,asm,8,,,-32676,2,,,0,,ported
011a8c,soldiers_hit,asm,78,,,,2,torpedoes_hit sub_0123ac,,2,,verified
011ada,sub_011ada,asm,8,,,,0,,,0,,todo
011ae2,torpedoes_hit,asm,112,,,,2,,,2,,verified
011b52,sub_011b52,asm,2,,,,0,,,0,,todo
011b54,sub_011b54,asm,168,,,,0,smoke_claim rand_beam,,1,,todo
011bfc,engine_smoke,asm,98,,,,1,smoke_at_player rand_beam,,4,,verified
011c5e,balloons_step,asm,80,,,,1,,,2,,verified
011cae,ships_sinking,asm,42,,,,1,ship_sinking,,1,,partial
011cd8,ship_sinking,asm,268,,,,1,ticker_offer sub_015640 mission_won,,14,,todo
011de4,target_timers,asm,158,,,,1,soldier_out,,5,,verified
011e82,soldier_out,asm,204,,,,2,rand_beam,,4,,verified
011f4e,sound_slots_clear,asm,22,,,-32670,4,sound_channels,,1,,todo
011f64,sub_011f64,asm,18,,,,0,,,1,,todo
011f76,sub_011f76,asm,240,,,,1,,,50,,todo
012066,sound_channels,asm,204,,,,2,sub_01ea28 sub_01eac0 sub_01eb4c,,3,,todo
012132,engine_sound,asm,412,,,,1,sub_0122ce,,39,,partial
0122ce,sub_0122ce,asm,40,,,,1,,,0,,todo
0122f6,sub_0122f6,asm,16,,,,1,,,0,,todo
012306,sub_012306,asm,30,,,,3,sub_0122f6,,2,,todo
012324,sub_012324,asm,26,,,-32664,2,sub_012306,,4,,todo
01233e,sub_01233e,asm,22,,,-32652,1,sub_012306,,4,,todo
012354,sub_012354,asm,44,,,-32646,1,,,9,,todo
012380,sub_012380,asm,44,,,-32640,1,,,9,,todo
0123ac,sub_0123ac,asm,48,,,,1,sub_012306,,9,,todo
0123dc,music_start,asm,148,,,,3,,dos.LoadSeg,8,"""songplay""",todo
012470,sub_012470,asm,108,,,,3,fatal_exit,dos.UnLoadSeg,7,,todo
0124dc,sub_0124dc,asm,4,,,,2,,,0,,todo
0124e0,mem_free_var,asm,34,,,,9,mem_free,,0,,replace
012502,shapes_free,asm,28,,,,3,mem_free_var,,0,,todo
01251e,sub_01251e,asm,14,,,,0,shape_find_c,,0,,todo
01252c,ship_block,asm,68,,,,1,,,3,,ported
012570,open_libraries,asm,46,,,,1,sound_init,exec.OpenLibrary,5,,todo
01259e,close_libraries,asm,38,,,,1,sub_01e94c,exec.CloseLibrary,3,,todo
0125c4,sub_0125c4,asm,2,,,,0,,,0,,todo
0125c6,task_setup,asm,122,,,,1,,exec.FindTask exec.SetTaskPri,10,,drop
012640,trap_handler,asm,300,,,,0,sub_01556e,exec.Debug,1,"""Crashed in the main task!!!  Error number is %d...."" | ""SR is %d.\n"" | ""crash pc is %06lx, _quit_cleanup is %06lx.\n"" | ""Offset from _quit_cleanup is %06lx (%ld).\n""",drop
01276c,sub_01276c,asm,40,,,,1,,exec.SetTaskPri,5,,todo
012794,font_load,asm,98,,,,1,load_file_public,,7,,verified
0127f6,sub_0127f6,asm,72,,,,1,mem_free_var,,1,,todo
01283e,alloc_pools,asm,152,,,,1,mem_alloc_asm sub_0158fe,,8,"""Ricochet"" | ""Splashes"" | ""Smoke"" | ""Balloons"" | ""MaskBuffer"" | ""MasterList"" | ""AthList""",todo
0128d6,sub_0128d6,asm,58,,,,1,mem_free_var,,7,,todo
012910,install_vblank_server,asm,74,,,,1,mem_alloc_asm,a6=? LVO -168,1,"""Interrupt_Server""",replace
01295a,sub_01295a,asm,110,,,,1,mem_free_var sub_01556e,exec.RemIntServer,2,"""No Interrupt handler detected.\n""",todo
0129c8,sub_0129c8,asm,20,,,,1,sub_0165c4,,0,"""In init.asm """,todo
0129dc,load_permanent_shapes,asm,182,,,,1,shapes_load shape_by_index,,19,,ported
012a92,sub_012a92,asm,74,,,,1,shapes_free,,12,,todo
012adc,map_load,asm,226,,,-32628,1,map_scan airfields_clear mem_alloc_asm,dos.Open dos.Read dos.Close,17,,ported
012bbe,free_map,asm,198,,,-32622,2,mem_free_var shapes_free,,18,,ported
012c84,airfields_scan,asm,214,,,,1,,,7,,ported
012d5a,map_scan,asm,1134,,,,1,ship_block sub_0129c8 airfields_scan sub_0131c8 sub_013216 sub_013236 mem_alloc_asm,,42,,ported
0131c8,sub_0131c8,asm,78,,,,1,,,1,,ported
013216,sub_013216,asm,32,,,,1,,,0,,ported
013236,sub_013236,asm,28,,,,1,,,0,,ported
013252,load_ship_shapes,asm,278,,,-32616,2,ship_guns_setup shapes_load,,30,,ported
013368,sounds_load,asm,230,,,-32610,2,sub_011f76 file_length load_file_chip_asm,,24,,partial
01344e,sub_01344e,asm,30,,,,1,file_length load_file_chip_asm,,3,,todo
01346c,sub_01346c,asm,56,,,-32604,3,mem_free_var,,7,,ported
0134a4,sub_0134a4,asm,10,,,,1,mem_free_var,,1,,todo
0134ae,sub_0134ae,asm,14,,,-32598,3,shapes_free,,2,,ported
0134bc,init_assets,asm,28,,,,1,task_setup font_load alloc_pools load_permanent_shapes keyboard_open,,1,,ported
0134d8,sub_0134d8,asm,54,,,,1,close_libraries sub_01276c sub_0127f6 sub_0128d6 sub_01295a sub_012a92 display_shutdown keyboard_close mem_free,intuition.OpenWorkBench,1,,todo
01350e,ship_guns_setup,asm,70,,,,1,mem_alloc_asm,,1,,ported
013554,airfields_clear,asm,14,,,,1,,,1,,ported
013562,campaign_reset,asm,70,,,,1,mission_reset_tables aircraft_clear lives_gauge_reset,,10,,ported
0135a8,mission_reset_tables,asm,38,,,,2,player_lost_restart,,8,,ported
0135ce,next_aircraft,asm,10,,,-32592,1,,,2,,ported
0135d8,player_lost_restart,asm,172,,,,2,flip_buffers player_restart_state clip_playfield rect_fill draw_set_target blit_begin blit_end gfx_WaitTOF,,14,,ported
013684,player_restart_state,asm,210,,,,3,sub_013756 player_reset sub_01b9bc weapon_gauge_reset,,32,,ported
013756,sub_013756,asm,28,,,-32586,2,,,2,,ported
013772,draw_world,asm,428,,,-32580,1,draw_player draw_enemy_aircraft ship_planes airfields_draw deck_aircraft record_extras targets_3_draw targets_f_draw ocean lift_aircraft islands_draw ship_guns_draw ride_on_ship shape_draw rect_fill blit_begin blit_end,,19,,ported
01391e,ship_planes,asm,250,,,,1,draw_world_shape shape_draw,,10,,partial
013a18,airfields_draw,asm,164,,,,1,shape_draw,,7,,partial
013abc,deck_aircraft,asm,96,,,,1,draw_world_shape,,7,,ported
013b1c,record_extras,asm,604,,,,1,shape_draw,,20,,ported
013d78,targets_3_draw,asm,112,,,,1,target_frame target_fire target_refill draw_world_shape,,2,,ported
013de8,targets_f_draw,asm,132,,,,1,target_frame target_fire draw_world_shape smoke_claim,,2,,ported
013e6c,ocean,asm,130,,,,1,shape_draw rect_fill,,6,,ported
013eee,soldiers_draw,asm,430,,,-32574,1,target_of format_to map_slot_at draw_world_shape ticker_say mission_won island_bonus blit_begin blit_end,,12,,ported
01409c,lift_aircraft,asm,76,,,,1,draw_world_shape clip_playfield clip_to_waterline,,7,,ported
0140e8,islands_draw,asm,150,,,,1,draw_world_shape rect_fill,,10,,partial
01417e,map_window,asm,54,,,-32568,1,window_height window_strip window_background clip_dash_window blit_begin blit_end,,4,,ported
0141b4,window_height,asm,82,,,,1,shape_draw,,4,,verified
014206,window_strip,asm,554,,,,1,window_ship window_shape ship_at_span shape_draw rect_fill,,16,,partial
014430,window_ship,asm,308,,,,1,shape_draw,,14,,ported
014564,window_background,asm,66,,,,1,rect_fill draw_set_target,,3,,ported
0145a6,window_shape,asm,288,,,,1,ship_at_span,,6,,ported
0146c6,crash_hit,asm,22,,,-32562,3,,,2,,verified
0146dc,weapon_hit,asm,882,,,-32550,1,ship_at_offset target_records target_release target_of format_to map_slot_at ticker_say mission_won island_bonus,,9,,verified
014a4e,ship_at_offset,asm,4,,,,2,,,0,,verified
014a52,ship_at_span,asm,146,,,,2,,,9,,verified
014ae4,target_records,asm,92,,,,2,,,1,,verified
014b40,target_release,asm,20,,,,1,,,0,,verified
014b54,target_of,asm,234,,,,2,target_records map_slot_at,,7,,verified
014c3e,ship_guns_draw,asm,274,,,,1,target_range_frame sub_014efc target_fire draw_world_shape smoke_claim rand_beam,,6,,partial
014d50,target_frame,asm,104,,,,2,target_range_frame rand_beam,,4,,verified
014db8,target_range_frame,asm,244,,,,2,smoke_claim,,4,,verified
014eac,ride_on_ship,asm,60,,,,1,ship_at_offset,,3,,ported
014ee8,sub_014ee8,asm,20,,,,0,,,2,,todo
014efc,sub_014efc,asm,96,,,,1,torpedoes_hit splash_spawn rand_beam,,4,,todo
014f5c,target_fire,asm,146,,,,3,smoke_at_player rand_beam,,8,,verified
014fee,target_refill,asm,70,,,,1,soldier_out nearest_barracks,,2,,verified
015034,nearest_barracks,asm,66,,,,1,,,0,,verified
015076,sub_015076,asm,2,,,-32544,0,,,0,,todo
015078,format_to,asm,24,,,-32538,7,,exec.RawDoFmt,1,,ported
015090,format_putch,asm,4,,,,0,,,0,,ported
015094,sub_015094,asm,24,,,-32532,0,,exec.RawDoFmt,1,,todo
0150ac,sub_0150ac,asm,4,,,,0,,,0,,todo
0150b0,flip_view,asm,24,,,-32526,1,sub_01520c view_show,,1,,todo
0150c8,map_slot_at,asm,58,,,-32520,7,,,2,,verified
015102,sub_015102,asm,2,,,-32514,0,,,0,,todo
015104,cosine,asm,4,,,-32508,2,,,0,,verified
015108,sine,asm,68,,,-32502,2,,,1,,verified
01514c,tangent,asm,40,,,-32496,1,,,1,,verified
015174,draw_world_shape,asm,78,,,-32490,12,shape_draw,,4,,ported
0151c2,draw_world_shape_xor,asm,74,,,-32484,0,shape_draw_xor,,4,,todo
01520c,sub_01520c,asm,2,,,,1,,,0,,todo
01520e,read_joy_bits,asm,60,,,-32478,1,,,2,,ported
01524a,clip_playfield,asm,18,,,-32472,5,clip_set,,0,,ported
01525c,clip_dash_window,asm,18,,,-32466,1,clip_set,,0,,todo
01526e,clip_to_waterline,asm,62,,,-32460,2,clip_set,,6,,verified
0152ac,splash_spawn_c,asm,4,,,-32454,2,,,0,,ported
0152b0,splash_spawn,asm,72,,,-32448,3,map_slot_at,,1,,verified
0152f8,splashes_draw,asm,98,,,-32442,1,draw_world_shape blit_begin blit_end,,4,,ported
01535a,build_master_lists,asm,262,,,-32436,2,shape_find,,14,,ported
015460,smoke_claim,asm,108,,,-32430,6,rand_beam,,1,,verified
0154cc,sub_0154cc,asm,20,,,,1,smoke_claim,,0,,todo
0154e0,smoke_at_player,asm,122,,,,2,smoke_claim,,5,,verified
01555a,ticker_offer,asm,20,,,-32424,3,,,1,,ported
01556e,sub_01556e,asm,14,,,-32418,2,sub_021dce,,1,,todo
01557c,balloons_draw,asm,168,,,-32412,1,draw_world_shape rand_beam blit_begin blit_end,,5,,ported
015624,ticker_say,asm,28,,,-32406,2,format_to ticker_offer,,1,,ported
015640,sub_015640,asm,84,,,,1,format_to,,3,,todo
015694,mission_won,asm,124,,,-32400,3,format_to,,9,,ported
015710,sub_015710,asm,4,,,,7,,,0,,verified
015714,ground_height,asm,388,,,,1,,,8,,verified
015898,sub_015898,asm,84,,,,0,,,2,,todo
0158ec,mem_alloc_asm,asm,18,,,,6,mem_alloc,,0,,replace
0158fe,sub_0158fe,asm,18,,,,1,display_alloc_chip,,0,,replace
015910,text_draw,asm,14,,,,1,,,0,,verified
01591e,text_width,asm,56,,,,1,,,3,,verified
015956,text_render,asm,310,,,,1,text_width,,15,,verified
015a8c,text_draw_justified,asm,92,,,,1,text_render,graphics.BltTemplate,5,,verified
015ae8,island_bonus,asm,46,,,,2,,,4,,verified
015b16,sub_015b16,asm,4,,,,0,,,0,,todo
015b1a,file_length,asm,62,,,,2,,dos.Open dos.Seek dos.Close,1,,todo
015b58,shape_mirror_x,asm,110,,,,1,,,1,,verified
015bc6,shapes_load,asm,150,,,-32394,3,load_file_chip_asm,dos.IoErr exec.RawDoFmt,2,"""--Problem reading file '%s', DOS error:%d--\n\r""",verified
015c5c,shapes_resolve,asm,66,,,-32388,0,mem_alloc_asm shape_find,,0,,verified
015c9e,sub_015c9e,asm,8,,,,0,,,0,,todo
015ca6,bearing_of,asm,102,,,,1,,,2,,verified
015d0c,sub_015d0c,asm,12,,,,0,,,0,,verified
015d18,sub_015d18,asm,6,,,,0,,,0,,verified
015d1e,sub_015d1e,asm,8,,,,0,,,0,,verified
015d26,sub_015d26,asm,4,,,,0,,,0,,verified
015d2a,sub_015d2a,asm,6,,,,0,,,0,,verified
015d30,sub_015d30,asm,8,,,,0,,,0,,verified
015d38,sub_015d38,asm,6,,,,0,,,0,,verified
015d3e,load_file_public_asm,asm,14,,,,4,load_file_public,,0,,ported
015d4c,sub_015d4c,asm,4,,,,1,,,0,,todo
015d50,load_file_chip_asm,asm,10,,,,3,load_file_chip,,0,,ported
015d5a,read_vhposr,asm,8,,,-32382,2,,,0,,todo
015d62,sub_015d62,C,8,2,,,1,,,0,,todo
015d6a,sub_015d6a,asm,18,,,,0,,,0,,todo
015d7c,sub_015d7c,C,98,4,8 12 16 20,,0,exit_game mem_alloc os_dos_read,,0,,todo
015dde,sub_015dde,C,60,0,8 12 16 20,,0,os_dos_write,,0,,todo
015e1a,save_game_read,C,112,6,8,,1,sub_015ec2 exit_game sub_021dce os_dos_close os_dos_io_err os_dos_open,,1,"""Couldn't OPEN file, error: %ld\n""",todo
015e8a,save_game_write,C,56,6,8,,1,sub_015ec2 os_dos_close os_dos_open,,1,,todo
015ec2,sub_015ec2,C,368,10,8 12,,2,sub_015d62,,14,,todo
016032,text_caret,C,84,0,8 10,,1,os_gfx_rect_fill os_gfx_set_drmd,,1,,ported
016086,text_input,C,1206,100,8 12 14 16,-32376,3,text_caret wait_input_release poll_fire poll_joy_dir8 key_to_char key_available key_get strlen os_gfx_move os_gfx_set_apen os_gfx_set_bpen os_gfx_set_drmd os_gfx_text gfx_WaitTOF,,2,,verified
01653c,load_dash_assets,C,86,6,,,2,fatal_exit shapes_load load_file_public_asm,,8,,ported
016592,path_sanitise,C,50,0,8,,1,,,0,,verified
0165c4,sub_0165c4,C,8,4,,,1,,,0,,todo
0165cc,display_alloc_chip,C,18,0,8,,2,mem_alloc_chip,,0,,replace
0165de,cop_rotate_unused,C,48,4,,,0,,,3,,drop
01660e,display_shutdown,C,98,0,,,1,sub_0124dc gfx_WaitTOF,,9,,drop
016670,display_init,C,386,0,,,1,display_alloc_chip sub_016e72 cop_init cop_move cop_sprites_off cop_show_wait,,34,,replace
0167f2,vport_init_bitmap,C,314,6,8 12 16 18 20,,1,gfx_InitBitMap gfx_InitRastPort,,0,,ported
01692c,view_layout,C,120,8,8,,8,vport_init_bitmap view_build_copper gfx_BltClear,,0,,ported
0169a4,screen_dialog,C,64,0,,,2,view_layout cop_show_wait,,3,,ported
0169e4,screen_a_lores5_unused,C,50,0,,,0,view_layout cop_show_wait,,6,,todo
016a16,view_set_story,C,74,4,8,,1,view_layout,,0,,ported
016a60,screen_story,C,56,0,,,1,view_set_story view_show_wait cop_show_wait,,5,,ported
016a98,view_set_picture,C,64,4,8,,2,view_layout,,0,,ported
016ad8,screen_picture,C,44,0,,,2,view_set_picture view_show_wait cop_show_wait,,3,,ported
016b04,screen_hires3,C,92,0,,,1,view_layout view_show_wait cop_show_wait,,11,,ported
016b60,screen_hires2,C,92,0,,-32370,1,view_layout view_show_wait cop_show_wait,,11,,drop
016bbc,ticker_clear,C,28,0,,,2,gfx_BltClear,,1,,ported
016bd8,ticker_vport_init,C,96,0,,,1,gfx_InitBitMap gfx_InitRastPort,,12,,todo
016c38,view_set_game,C,142,8,8,,2,view_layout,,1,,todo
016cc6,screen_game,C,108,0,,,1,ticker_vport_init view_set_game view_build_copper gfx_BltClear,,8,,todo
016d32,screen_game_restore,C,72,0,,,1,view_set_game cop_add_ticker_ramp view_build_copper view_copy,,6,,ported
016d7a,screen_hiscore,C,92,0,,,1,view_layout view_build_copper cop_show_wait,,11,,ported
016dd6,cmap_file_to_table,C,156,12,8 12,,1,,,0,,verified
016e72,sub_016e72,C,36,0,,,1,exit_game,,0,"""Not enough memory.\n""",todo
016e96,exit_game,C,28,0,8,,5,fatal_exit sub_021ef4,,0,,drop
016eb2,view_load_picture,C,60,4,8 12 16,,1,load_file_public_asm view_build_copper iff_to_vport mem_free,,0,,ported
016eee,wait_frames_or_fire,C,50,2,8,,3,poll_fire gfx_WaitTOF,,0,,verified
016f20,view_show,C,164,0,8,,5,cop_install,,14,,ported
016fc4,view_show_wait,C,22,0,8,-32364,11,view_show wait_vblank,,0,,ported
016fda,sub_016fda,C,28,0,8 10,,0,,,0,,todo
016ff6,colour_lerp,C,142,2,8 10 12,,2,sub_0223cc,,0,,verified
017084,fade_to,C,366,138,8,-32358,7,view_show colour_lerp view_build_copper,,3,,verified
0171f2,fade_to_pair,C,446,202,8 12,,2,view_show colour_lerp view_build_copper,,3,,verified
0173b0,fade_out,C,54,66,8,-32352,6,fade_to,,0,,verified
0173e6,fade_out_pair,C,60,66,8,,3,fade_to_pair,,0,,verified
017422,load_picture_black,C,2348,2,8 12,,3,view_load_picture view_build_copper,,2,,ported
017d4e,story_copper_build,C,306,2,8 10,,1,cop_move cop_move_ptr cop_wait view_build_copper,,5,,replace
017e80,story_screen,C,418,16,,,1,text_draw_justified screen_story wait_frames_or_fire view_show story_copper_build poll_fire draw_set_target_c strlen os_gfx_move os_gfx_rect_fill os_gfx_set_apen,,5,,ported
018022,title_sequence,C,330,130,,-32346,1,music_start screen_picture wait_frames_or_fire view_show_wait fade_to fade_out load_picture_black story_screen,,2,"""wofsongs"" | ""shapes/broderbund"" | ""shapes/wingstitle"" | ""shapes/creditscreen""",ported
01816c,sub_01816c,C,40,0,,-32340,2,exit_game,,0,"""User requested abort.""",todo
018194,menu_input,C,148,6,8,,2,poll_fire poll_joy_dir8 key_available key_get gfx_WaitTOF,,0,,verified
018228,wait_input_release,C,58,2,,,3,poll_fire poll_joy_dir8 key_available gfx_WaitTOF,,0,,verified
018262,rank_select,C,712,80,,-32334,1,music_start sub_012470 load_file_public_asm sub_015d4c read_vhposr view_set_picture screen_picture view_show_wait fade_to fade_out load_picture_black menu_input wait_input_release load_save_dialog view_build_copper view_copy rand_set_seed shape_by_index mem_alloc mem_free shape_draw_xor_c draw_set_target_c clip_set_full,,14,"""wofsongs"" | ""shapes/selectrank"" | ""shapes/selectrank.shp"" | ""wofdemo""",ported
01852a,demo_end,C,70,0,,-32328,1,sub_0124dc save_file,,4,,partial
018570,text_draw_c,C,32,0,8,,4,text_draw strlen,,0,,ported
018590,mission_briefing,C,478,132,,-32322,2,screen_hires3 view_show_wait fade_to fade_out text_draw_c poll_fire shape_find_c key_to_char key_available key_get shape_draw_c draw_set_target_c clip_set_full sprintf bcopy os_gfx_move gfx_WaitTOF,,9,"""%d""",ported
01876e,cop_set_split_line,C,76,2,8,-32316,1,cop_wait,,3,,todo
0187ba,cop_add_ticker_ramp,C,76,2,8,,2,cop_move cop_wait,,1,,todo
018806,mission_display_setup,C,338,2,,-32310,2,load_file_public_asm screen_game cmap_file_to_table cop_add_ticker_ramp view_build_copper iff_to_vport view_copy cop_show_wait enemy_frames mem_free,,13,,ported
018958,dialog_draw_names,C,174,4,,,1,strlen os_gfx_move os_gfx_set_drmd os_gfx_text,,3,,ported
018a06,dialog_file_list,C,400,12,,,1,dialog_draw_names mem_alloc mem_free strcpy tolower strncpy os_dos_examine os_dos_ex_next os_dos_lock os_dos_unlock,,2,,ported
018b96,load_save_dialog,C,1778,266,8,,2,sub_012470 free_map sub_01344e sub_0134a4 save_game_read save_game_write text_input path_sanitise screen_dialog exit_game view_show_wait fade_to fade_out menu_input wait_input_release dialog_file_list draw_set_target_c clip_set_full strlen strcmp bcopy strcat os_dos_delete_file os_gfx_draw os_gfx_move os_gfx_rect_fill os_gfx_set_apen os_gfx_set_drmd os_gfx_text,,8,"""Load"" | ""Save"" | ""wof."" | ""Loading game..."" | ""Saving game...""",ported
019288,high_score_save,C,38,0,,,2,save_file,,1,"""highscore""",verified
0192ae,high_score_reset_unused,C,114,2,,,0,high_score_save strncpy,,1,"""Colin was here!""",drop
019320,high_score_sort,C,172,40,,,1,,,1,,verified
0193cc,high_score_load,C,166,6,,,1,strncpy os_dos_close os_dos_open os_dos_read,,1,"""highscore"" | ""            """,verified
019472,high_score_entry,C,524,96,,,1,text_input screen_dialog view_show_wait fade_to fade_out high_score_save high_score_sort high_score_load draw_set_target_c clip_set_full strlen bcopy strncpy os_gfx_draw os_gfx_move os_gfx_set_apen os_gfx_set_drmd os_gfx_text,,6,"""Your name is to be entered"" | ""in the hall of fame.""",ported
01967e,high_score_draw,C,472,112,,,1,text_draw_c draw_set_target_c sprintf os_gfx_move os_gfx_set_apen os_gfx_set_drmd,,5,"""%d"" | ""%-6ld"" | ""%-12s""",ported
019856,high_score_screen,C,258,538,,-32304,1,music_start screen_hiscore wait_frames_or_fire view_show_wait fade_to_pair fade_out_pair load_picture_black high_score_entry high_score_draw draw_set_target_c clip_set_full,,6,"""wofsongs"" | ""shapes/hiscoreslab"" | ""shapes/hiscore.iff""",ported
019958,cop_reset,C,16,0,8,,2,,,0,,replace
019968,cop_init,C,32,0,8 12,,1,cop_reset,,0,,replace
019988,cop_put_long_unused,C,52,0,8 12,,0,,,0,,drop
0199bc,cop_move,C,76,0,8 12 14,,7,,,0,,replace
019a08,cop_move_ptr,C,148,0,8 12 14,,3,,,0,,replace
019a9c,cop_wait,C,190,0,8 12 14,,8,cop_wait,,0,,replace
019b5a,cop_colours,C,176,2,8 12 16 18 20,,2,cop_wait,,0,,replace
019c0a,cop_vport_colours,C,58,0,8 12,,1,cop_colours,,0,,replace
019c44,cop_vport_colours2_unused,C,60,0,8 12,,0,cop_colours,,0,,drop
019c80,cop_vport_split,C,152,2,8 12,,1,cop_move cop_wait,,0,,replace
019d18,cop_vport_planes,C,852,28,8 12 16 18,,1,cop_move cop_move_ptr cop_wait,,0,,replace
01a06c,cop_sprites_off,C,104,2,8,,2,cop_move cop_move_ptr,,1,,replace
01a0d4,view_build_copper,C,290,8,8,,11,cop_reset cop_move cop_wait cop_vport_colours cop_vport_split cop_vport_planes cop_sprites_off,,1,,replace
01a1f6,iff_cmap_to_table,C,142,6,8 12,,1,sub_0223cc,,0,,verified
01a284,iff_cmp2_to_table,C,178,6,8 12,,1,sub_0223cc,,0,,todo
01a336,iff_next_chunk,C,44,0,8 12,,1,,,0,,todo
01a362,iff_body_to_vport,C,240,36,8 12 16,,1,vport_clear_planes byterun1_row,,0,,verified
01a452,iff_parse_ilbm,C,246,20,8 12,,1,iff_cmap_to_table iff_cmp2_to_table iff_next_chunk iff_body_to_vport,,0,,verified
01a548,iff_to_vport,C,160,8,8 12,,2,iff_parse_ilbm sub_021dce,,0,"""*** Error - null pointer passed to ConvertIFFtoM...""",verified
01a5e8,sub_01a5e8,C,38,0,8 9,,0,,,0,,todo
01a60e,view_poke_colours1,C,158,10,8 12 16 20,,1,,,0,,replace
01a6ac,view_poke_colours2,C,160,10,8 12 16 20,,1,,,0,,replace
01a74c,vport_clear_planes,C,96,6,8,,2,gfx_BltClear,,0,,ported
01a7ac,view_clear_unused,C,136,6,8,,0,vport_clear_planes,,0,,drop
01a834,view_copy_bitmaps,C,144,12,8 12,,1,gfx_BltBitMap,,0,,ported
01a8c4,view_copy_colours,C,262,10,8 12,,1,view_poke_colours1 view_poke_colours2,,0,,ported
01a9ca,view_copy,C,50,0,8 12,,3,view_copy_bitmaps view_copy_colours,,0,,ported
01a9fc,cop_show_wait,C,18,0,8,,9,cop_install wait_vblank,,0,,ported
01aa0e,cop_install,asm,36,,,,2,,,2,,replace
01aa32,wait_next_vblank,asm,12,,,-32298,2,,,1,,ported
01aa3e,wait_vblank,asm,18,,,-32292,3,,,1,,ported
01aa50,sub_01aa50,C,18,0,,-32286,1,,,2,,todo
01aa62,sub_01aa62,C,12,0,,,0,,,1,,todo
01aa6e,turn_allowed,C,124,4,,,1,,,3,,verified
01aaea,wheel_height,C,150,2,,,7,,,7,,verified
01ab80,turn_step,C,94,0,8,,1,turn_allowed,,3,,verified
01abde,aircraft_frame,C,762,12,8 10 12,,3,shape_mirror_x sub_01cb30,,13,,ported
01aed8,wreck_smoke,C,164,10,,,1,object_spawn wheel_height record_at sub_021e24,,4,,ported
01af7c,lost_wait,C,62,0,,,1,next_aircraft,,4,,ported
01afba,crash,C,1184,16,,,2,object_spawn soldiers_hit_c crash_hit splash_spawn_c sub_015710 wheel_height aircraft_frame record_at flash_set record_on_ship on_water,,12,,ported
01b45a,hook_state,C,132,2,,,1,,,6,,verified
01b4de,on_the_lift,C,210,6,,,2,,,6,,verified
01b5b0,button,C,210,0,,,1,weapon_drop sub_015710 wheel_height on_the_lift record_at,,11,,ported
01b682,guns,C,314,12,,-32280,1,rand_mod burn_smoke sub_01d35a,,6,,partial
01b7bc,deck_span,C,48,0,,,1,,,6,,verified
01b7ec,player_reset,C,216,0,,-32274,1,aircraft_frame deck_span rand_mod sub_01cb30,,13,,ported
01b8c4,touches_ground,C,106,2,,,1,sub_015710 wheel_height record_at,,1,,verified
01b92e,cable_hook,C,142,2,,,1,,,8,,verified
01b9bc,sub_01b9bc,C,16,0,,-32268,1,,,2,,ported
01b9cc,engine_idle,C,36,0,,-32262,1,,,5,,ported
01b9f0,sub_01b9f0,C,16,4,,,1,,,0,,todo
01ba00,sub_01ba00,asm,128,,,,0,sub_015710 record_at,,6,,todo
01ba80,ground_contact,C,386,10,,,1,object_spawn sub_012380 crash_hit sub_015710 wheel_height crash touches_ground record_at record_on_ship on_water,,9,,ported
01bc02,enemy_countdown_step,C,204,2,,,1,sub_01e4d0 rand_beam,,7,,partial
01bcce,deck_state,C,236,0,,,1,on_the_lift,,9,,verified
01bdba,deck_roll,C,64,0,,,1,,,2,,verified
01bdfa,player_motion,C,506,10,,,1,ffp_add ffp_neg ffp_fix ffp_div ffp_flt ffp_mul,,12,,verified
01bff4,flight_controls,C,900,0,,,1,turn_step,,14,,verified
01c378,frame_select,C,368,6,,,1,aircraft_frame sub_01cb30 sub_0204e4 sub_0204ec,,13,,ported
01c4e8,deck_controls,C,268,2,,,1,,,11,,verified
01c5f4,deck_edge,C,108,0,,,1,sub_015710 wheel_height record_at,,7,,verified
01c660,player_update,C,802,14,,-32256,1,sub_015710 wheel_height wreck_smoke lost_wait crash hook_state button cable_hook sub_01b9f0 ground_contact enemy_countdown_step deck_state deck_roll player_motion flight_controls frame_select deck_controls deck_edge record_at burn_smoke record_on_ship,,21,,ported
01c982,record_at,C,72,4,8,,9,,,2,,verified
01c9ca,vblank_every_frame,C,104,2,,-32250,1,poll_fire,,5,,ported
01ca32,read_joystick,C,112,2,,-32244,1,read_joy_dispatch,,4,,ported
01caa2,sub_01caa2,C,18,0,,,0,,,1,,todo
01cab4,flash_set,C,20,0,8 10,,1,,,2,,ported
01cac8,rand_mod,C,24,0,8,,8,rand_beam,,0,,ported
01cae0,burn_smoke,C,60,0,10 12 14,,5,sub_0154cc rand_beam,,0,,ported
01cb1c,sub_01cb1c,asm,4,,,,0,sub_021dce,,0,,todo
01cb20,read_joy_dispatch,asm,16,,,,1,read_joy_bits sub_021dce,,1,,todo
01cb30,sub_01cb30,asm,4,,,,4,shape_find_c,,0,,todo
01cb34,record_on_ship,C,64,2,8,,4,,,2,,verified
01cb74,on_water,C,62,2,8,,3,,,2,,verified
01cbb2,sub_01cbb2,C,64,2,8,,1,,,2,,todo
01cbf2,ship_of_record,C,196,4,8,-32238,1,record_on_ship sub_021dce,,2,"""Not over a ship in ShipNum.\n"" | ""COULDN'T FIND A SHIP in ShipNum.\n""",partial
01ccb6,sub_01ccb6,C,64,0,8,-32232,1,os_avail_mem os_close_window os_close_workbench,,2,,drop
01ccf6,ingame_keys,asm,306,,,-32226,1,sub_011256 logic_tick input_queue_clear sound_slots_clear load_ship_shapes sounds_load sub_01346c sub_0134ae build_master_lists load_dash_assets ticker_clear screen_game_restore fade_out_pair mission_briefing mission_display_setup load_save_dialog dashboard_invalidate key_to_char key_available key_get,,10,,partial
01ce28,sub_01ce28,asm,868,,,,0,sound_slots_clear sub_013756 format_to ticker_offer weapon_gauge_reset,dos.DeleteFile exec.AvailMem,28,"""highscore""",todo
01d18c,sub_01d18c,C,94,6,8,,1,,,1,,todo
01d1ea,enemy_frames,C,368,4,,,1,sub_01cb30,,12,,ported
01d35a,sub_01d35a,C,90,2,8,,2,,,0,,todo
01d3b4,sub_01d3b4,C,194,10,8,,1,,,1,,todo
01d476,sub_01d476,C,186,6,,,1,,,4,,todo
01d530,sub_01d530,C,50,0,8,,1,,,0,,todo
01d562,sub_01d562,C,564,6,8,,1,sub_01d530,,3,,todo
01d796,aircraft_motion,C,560,0,8,,1,rand_mod sub_01d562 ffp_fix ffp_flt ffp_mul,,3,,todo
01d9c6,sub_01d9c6,C,774,0,8,,1,rand_mod,,5,,todo
01dccc,sub_01dccc,C,472,8,8,,1,rand_mod,,5,,todo
01dea4,sub_01dea4,C,726,10,8,,1,rand_mod,,6,,todo
01e17a,sub_01e17a,C,202,0,8,,1,rand_mod sub_01d18c,,0,,todo
01e244,sub_01e244,C,420,4,8,,1,soldiers_hit_c crash_hit splash_spawn_c record_at burn_smoke on_water sub_01cbb2 rand_beam,,5,,todo
01e3e8,sub_01e3e8,C,224,0,8,,1,burn_smoke,,3,,todo
01e4c8,sub_01e4c8,C,8,0,,,1,,,0,,todo
01e4d0,sub_01e4d0,C,312,4,8 10 12 14,-32220,3,rand_mod,,4,,todo
01e608,aircraft_clear,C,70,12,,-32214,1,,,1,,ported
01e64e,sub_01e64e,C,218,0,8,,1,,,2,,todo
01e728,sub_01e728,C,174,0,8,,1,burn_smoke sub_01d9c6 sub_01dccc sub_01dea4 sub_01e17a rand_beam,,0,,todo
01e7d6,enemy_aircraft_step,C,226,4,,-32208,1,sub_01d35a sub_01d3b4 sub_01d476 aircraft_motion sub_01e244 sub_01e3e8 sub_01e4c8 sub_01e64e sub_01e728,,2,,partial
01e8b8,sound_init,asm,148,,,-32202,1,,exec.AddIntServer,6,"""SoundFX_IntHandler""",todo
01e94c,sub_01e94c,asm,70,,,-32196,1,sub_01eab4,dos.Delay exec.RemIntServer,4,,todo
01e992,sub_01e992,asm,76,,,,0,sub_01ea28,,0,,todo
01e9de,sub_01e9de,asm,22,,,-32190,0,,,1,,todo
01e9f4,sub_01e9f4,asm,36,,,-32184,1,sub_01eac0,dos.Delay,4,,todo
01ea18,sub_01ea18,asm,16,,,-32178,0,sub_01eac0,,2,,todo
01ea28,sub_01ea28,asm,140,,,-32172,2,sub_01e9f4 sub_01eac0 sub_01eb2e,,1,,todo
01eab4,sub_01eab4,asm,12,,,-32166,1,sub_01eac0,,0,,todo
01eac0,sub_01eac0,asm,110,,,-32160,5,,,3,,todo
01eb2e,sub_01eb2e,asm,30,,,-32154,1,,,1,,todo
01eb4c,sub_01eb4c,asm,72,,,-32148,1,,,1,,todo
01eb94,sub_01eb94,asm,22,,,,0,,,1,,todo
01ebaa,audio_irq,asm,186,,,,0,,,6,,todo
01ec64,soundfx_vblank,asm,278,,,,0,,,8,,todo
01ed7a,dash_cache_invalidate,asm,48,,,,1,,,2,,ported
01edaa,dashboard_invalidate,asm,18,,,-32142,2,dash_cache_invalidate,,1,,todo
01edbc,weapon_gauge_reset,asm,46,,,-32136,3,,,5,,verified
01edea,lives_gauge_reset,asm,44,,,-32130,1,,,4,,verified
01ee16,draw_dashboard,asm,1002,,,-32124,1,kill_icons enemy_arrows draw_score dash_digit clip_dashboard rand_beam shape_blit shape_draw blit_begin blit_end,,23,,partial
01f200,kill_icons,asm,26,,,,1,shape_draw,,0,,partial
01f21a,enemy_arrows,asm,80,,,,1,shape_draw,,2,,partial
01f26a,draw_score,asm,70,,,,1,format_to dash_digit,,5,,partial
01f2b0,dash_digit,asm,44,,,,2,shape_blit,,1,,verified
01f2dc,clip_dashboard,asm,16,,,-32112,2,clip_set,,0,,todo
01f2ec,sub_01f2ec,C,70,12,8,,1,,,1,,todo
01f332,sub_01f332,C,66,50,8 10 12 16,,1,text_draw_c sprintf os_gfx_move,,1,,todo
01f374,sub_01f374,C,166,0,8 10 12 14 16,,1,os_gfx_draw os_gfx_move os_gfx_set_apen,,1,,todo
01f41a,crack_text_screen,C,898,140,,-32106,1,read_vhposr text_input screen_hires2 view_show_wait fade_to fade_out text_draw_c sub_01f2ec sub_01f332 sub_01f374 rand_beam draw_set_target_c clip_set_full strcmp bcopy os_gfx_move os_gfx_set_apen,graphics.MakeVPort graphics.MrgCop graphics.FreeVPortCopLists,5,"""         WINGS OF FURY        "" | ""Cracked by ULTRAFOX from the  "" | ""PREDATORS AUSTRALIA on 7.8.90"" | ""   Hit Return to continue"" | ""            "" | ""Please enter the word at -"" | ""PAGE %d  LINE %d ",drop
01f79c,os_viewport_new_unused,asm,258,,,,0,os_viewport_free_unused mem_alloc mem_alloc_chip,graphics.InitVPort graphics.GetColorMap graphics.InitRastPort graphics.InitBitMap,2,,todo
01f89e,sub_01f89e,asm,4,,,,0,,,0,,todo
01f8a2,os_viewport_free_unused,asm,164,,,,1,mem_free,graphics.FreeVPortCopLists graphics.FreeColorMap,1,,todo
01f946,sub_01f946,asm,150,,,,1,,,0,,todo
01f9dc,sub_01f9dc,asm,542,,,,0,sub_01f946 mem_alloc mem_free,dos.Lock dos.UnLock dos.Examine dos.Open exec.RawDoFmt exec.execPrivate1 dos.Read dos.Close,1,,todo
01fbfa,sub_01fbfa,asm,48,,,,0,,,0,,todo
01fc2a,sub_01fc2a,asm,260,,,,1,mem_alloc,dos.Open dos.Read dos.Seek dos.Close,1,,todo
01fd2e,sub_01fd2e,asm,134,,,,0,sub_01fc2a sub_01fdb4 mem_free,,0,,todo
01fdb4,sub_01fdb4,asm,34,,,,1,,,0,,todo
01fdd6,sub_01fdd6,asm,40,,,,0,,,0,,todo
01fdfe,sub_01fdfe,asm,56,,,,0,,graphics.BltBitMap,1,,todo
01fe36,sub_01fe36,asm,26,,,,0,mem_free,,0,,todo
01fe50,save_file,C,100,10,8 12 16,-32100,2,os_dos_close os_dos_io_err os_dos_open os_dos_write,,0,,todo
01feb4,load_file_public,C,22,0,8,-32094,2,load_file,,0,,ported
01feca,load_file_chip,C,22,0,8,-32088,1,load_file,,0,,ported
01fee0,rpck_unpack,asm,54,,,,1,,,0,,verified
01ff16,load_file,C,730,48,8 12,,2,rpck_unpack load_file_small mem_alloc sub_020874 mem_free os_dos_close os_dos_examine os_dos_io_err os_dos_lock os_dos_open os_dos_read os_dos_unlock,,3,,verified
0201f0,sub_0201f0,C,24,0,8,,0,load_file_small,,0,,todo
020208,sub_020208,C,24,0,8,,0,load_file_small,,0,,todo
020220,sub_020220,C,342,18,8 12 16,,2,sub_020874 mem_free os_dos_close os_dos_examine os_dos_io_err os_dos_lock os_dos_open os_dos_read os_dos_unlock sub_022d36 sub_022d86,,3,,todo
020376,sub_020376,C,26,0,8 12,,0,sub_020220,,0,,todo
020390,load_file_small,C,26,0,8 12,,3,sub_020220,,0,,replace
0203aa,rand_lcg_unused,asm,20,,,,0,,,1,,todo
0203be,rand_beam,asm,28,,,-32082,18,,,2,,todo
0203da,rand_set_seed,asm,14,,,-32070,1,,,2,,todo
0203e8,byterun1_row,asm,76,,,,1,,,0,,verified
020434,sub_020434,C,24,0,,,0,,,0,,todo
02044c,poll_fire,asm,8,,,-32064,8,read_fire_button,,1,,ported
020454,poll_joy_dir8,asm,8,,,-32058,3,read_joy_dir8,,1,,ported
02045c,poll_fire_and_dir8,asm,14,,,,0,read_fire_button read_joy_dir8,,2,,drop
02046a,read_fire_button,asm,30,,,,2,,,0,,replace
020488,read_joy_dir8,asm,56,,,,2,,,0,,ported
0204c0,sub_0204c0,C,36,0,,,0,sub_0228f8,,2,,todo
0204e4,sub_0204e4,C,8,0,,,1,,,0,,todo
0204ec,sub_0204ec,C,8,0,,,1,,,0,,todo
0204f4,shape_find_c,C,26,4,8 12,-32052,3,shape_find,,0,,ported
02050e,shape_by_index,C,82,0,8 12,-32046,2,,,0,,verified
020560,shape_find,asm,84,,,-32040,4,,,0,,verified
0205b4,key_set_qualifier_mask,C,24,2,8,,0,,,1,,drop
0205cc,keyboard_open,C,176,0,8,-32034,1,create_port create_std_io create_ext_io os_do_io os_open_device,,15,,replace
02067c,keyboard_close,C,114,0,,-32028,1,sub_022b88 sub_022c30 sub_022ca4 sub_022cfa os_do_io,,5,,replace
0206ee,key_wait_char,C,18,0,,-32022,0,key_to_char key_get,,0,,drop
020700,key_to_char,C,90,28,8 10,-32016,4,os_console_raw_key_convert,,0,,verified
02075a,input_handler,asm,126,,,-32010,0,,,6,,verified
0207d8,key_available,asm,12,,,-32004,6,,,1,,verified
0207e4,key_get,asm,100,,,-31998,5,key_available os_disable os_enable gfx_WaitTOF,,4,,verified
020848,mem_alloc,C,22,0,8,-31992,8,sub_020874,,0,,replace
02085e,mem_alloc_chip,C,22,0,8,-31986,3,sub_020874,,0,,replace
020874,sub_020874,C,150,4,8 12,,4,sub_022d36,,1,,replace
02090a,mem_free,C,148,0,8,-31980,13,mem_free sub_022d86,,1,,replace
02099e,sub_02099e,C,22,0,8,,0,,,0,,todo
0209b4,sub_0209b4,asm,8,,,,0,,,0,,todo
0209bc,blit_clip_setup,asm,306,,,,2,,,18,,verified
020aee,shape_blit_c,asm,30,,,-31974,0,shape_blit blit_begin blit_end,,1,,ported
020b0c,shape_blit,asm,412,,,-31968,4,blit_clip_setup,,13,,verified
020ca8,sub_020ca8,asm,28,,,,0,mem_alloc_chip,,2,,todo
020cc4,shape_draw_c,asm,30,,,-31962,1,shape_draw blit_begin blit_end,,1,,ported
020ce2,shape_draw,asm,264,,,-31956,16,shape_clear_box blit_begin blit_end,,3,,verified
020dea,shape_clear_box,asm,32,,,,1,rect_fill,,0,,todo
020e0a,shape_draw_xor_c,asm,26,,,-31950,1,shape_draw_xor blit_begin blit_end,,1,,ported
020e24,shape_draw_xor,asm,304,,,-31944,4,blit_clip_setup,,12,,verified
020f54,blit_raw_c_unused,asm,40,,,,0,blit_raw_unused blit_begin blit_end,,1,,todo
020f7c,blit_raw_unused,asm,118,,,,1,,,0,,todo
020ff2,rect_fill_c,asm,30,,,-31938,0,rect_fill blit_begin blit_end,,1,,todo
021010,rect_fill,asm,272,,,-31932,8,,,7,,todo
021120,rect_fill_aligned_c,asm,30,,,-31926,0,rect_fill_aligned blit_begin blit_end,,1,,todo
02113e,rect_fill_aligned,asm,224,,,-31920,1,,,6,,todo
02121e,sub_02121e,asm,24,,,,0,,exec.FindTask,1,,todo
021236,sub_021236,asm,16,,,,0,,exec.FindTask,1,,todo
021246,draw_set_target_c,asm,4,,,-31914,8,,,0,,ported
02124a,draw_set_target,asm,54,,,-31908,4,,,3,,verified
021280,clip_set_full,asm,28,,,-31902,6,clip_set,,1,,ported
02129c,clip_set,asm,50,,,-31896,5,,,6,,verified
0212ce,blit_begin,asm,6,,,-31890,19,sub_022e8a,,0,,todo
0212d4,blit_end,asm,38,,,-31884,19,sub_022e40,,0,,todo
0212fa,line_draw_c,asm,30,,,,0,blit_begin blit_end line_draw,,1,,todo
021318,line_draw,asm,704,,,-31878,2,,,11,,ported
0215d8,sprintf,C,48,0,8 12 16,-31872,3,sub_0216b2,,1,,todo
021608,sub_021608,C,28,0,9,,0,,,1,,todo
021624,sub_021624,C,142,0,8 12 14 18,,1,sub_02240e sub_02241a,,1,,todo
0216b2,sub_0216b2,C,910,222,8 12 16,,1,sub_021624 format_float,,1,,todo
021a40,format_float,C,604,8,8 16 20 22,,1,ffp_add ffp_cmp ffp_neg ffp_tst ffp_fix ffp_sub ffp_div ffp_flt ffp_mul,,1,,todo
021c9c,ffp_add,asm,10,,,,2,,,0,,replace
021ca6,ffp_cmp,asm,10,,,,1,,,0,,replace
021cb0,ffp_neg,asm,10,,,,2,,,0,,replace
021cba,ffp_tst,asm,10,,,,1,,,0,,replace
021cc4,ffp_fix,asm,10,,,,3,,,0,,replace
021cce,ffp_sub,asm,10,,,,1,,,0,,replace
021cd8,ffp_div,asm,10,,,,2,,,0,,replace
021ce2,ffp_flt,asm,10,,,,3,,,0,,replace
021cec,ffp_mul,asm,122,,,,3,sub_01816c sub_021d66 sub_021d6e sub_021d7c,,1,"""mathffp.library""",replace
021d66,sub_021d66,asm,8,,,,2,,dos.Output,1,,todo
021d6e,sub_021d6e,asm,14,,,,3,,dos.Write,1,,todo
021d7c,sub_021d7c,asm,22,,,,2,,exec.OpenLibrary,1,,todo
021d92,sub_021d92,asm,18,,,,1,,exec.execPrivate9,0,,todo
021da4,sub_021da4,asm,14,,,,0,sub_021d92,,0,,todo
021db2,sub_021db2,asm,8,,,,0,sub_021dba,,0,,todo
021dba,sub_021dba,asm,14,,,,1,,exec.execPrivate8,0,,todo
021dc8,sub_021dc8,asm,6,,,,0,,,0,,todo
021dce,sub_021dce,asm,20,,,-31866,6,sub_021de2,,0,,todo
021de2,sub_021de2,asm,14,,,,2,,exec.RawDoFmt,0,,todo
021df0,sub_021df0,asm,18,,,,0,sub_021de2,,0,,todo
021e02,strcpy,asm,16,,,-31860,1,,,0,,todo
021e12,strlen,asm,18,,,-31854,6,,,0,,todo
021e24,sub_021e24,C,52,0,,,1,sub_0222f4,,1,,ported
021e58,sub_021e58,C,18,0,8,,0,,,1,,todo
021e6a,sub_021e6a,asm,24,,,,0,,,0,,todo
021e82,tolower,asm,24,,,-31848,1,,,0,,todo
021e9a,strcmp,asm,48,,,-31842,2,,,0,,todo
021eca,bcopy,asm,42,,,-31836,4,,,0,,todo
021ef4,sub_021ef4,C,58,0,8,-31830,1,sub_022474,,0,,todo
021f2e,c_startup,asm,62,,,-31824,1,geta4,exec.Supervisor,3,,todo
021f6c,sub_021f6c,asm,52,,,,0,sub_021fa8,a6=? LVO -408 a6=? LVO -108,1,"""dos.library""",todo
021fa0,geta4,asm,8,,,,1,,,0,,todo
021fa8,sub_021fa8,C,312,0,8 12,,1,main sub_021d66 sub_0220e0 sub_022318 sub_022928 sub_022abe sub_022afa sub_022b30 sub_022b64 sub_022d3a sub_022d72 sub_022da6 sub_022e00,,8,"""*""",todo
0220e0,sub_0220e0,C,456,0,8 12 14 16,,1,strncat strncpy sub_022d3a,,5,""" """,todo
0222a8,strcat,asm,6,,,-31818,1,,,0,,todo
0222ae,strncat,asm,36,,,,1,,,0,,todo
0222d2,strncpy,asm,34,,,-31812,5,,,0,,todo
0222f4,sub_0222f4,asm,36,,,,1,,,0,,todo
022318,sub_022318,C,180,0,8 12,,1,sub_021d7c sub_022b30 sub_022b94 sub_022ef6 sub_022f04 sub_022f10,,1,"""icon.library"" | ""WINDOW"" | ""*""",todo
0223cc,sub_0223cc,asm,40,,,-31806,3,sub_022424,,0,,todo
0223f4,sub_0223f4,asm,26,,,,0,sub_022424,,0,,todo
02240e,sub_02240e,asm,12,,,,1,sub_022424,,0,,todo
02241a,sub_02241a,asm,10,,,,1,sub_022424,,0,,todo
022424,sub_022424,asm,80,,,,4,,,0,,todo
022474,sub_022474,C,22,0,8,,1,sub_02248a,,1,,todo
02248a,sub_02248a,C,66,0,8 10,,1,sub_0224cc sub_0225b4,,0,,todo
0224cc,sub_0224cc,C,60,0,8 9 10,,1,sub_0225b4,,0,,todo
022508,sub_022508,C,40,0,,,0,sub_022530,,2,,todo
022530,sub_022530,C,132,0,8,,1,sub_0225b4 sub_0227b2 sub_022856 sub_022a62,,0,,todo
0225b4,sub_0225b4,C,226,2,8 12 13,,3,sub_0226ce sub_02287a,,1,,todo
022696,sub_022696,C,56,0,,,0,,,2,,todo
0226ce,sub_0226ce,C,94,4,8,,1,sub_02279e sub_0227fe,,0,,todo
02272c,sub_02272c,C,50,0,,,0,sub_022d8a,,1,,todo
02275e,sub_02275e,C,64,0,8,,1,sub_022d3a,,2,,todo
02279e,sub_02279e,C,20,0,8,,1,sub_02275e,,0,,todo
0227b2,sub_0227b2,C,76,0,8,,1,sub_022d8a,,1,,todo
0227fe,sub_0227fe,C,88,0,8,,1,sub_022b0e,,3,,todo
022856,sub_022856,C,36,0,8,,1,sub_022ace sub_022b06,,1,,todo
02287a,sub_02287a,C,126,0,8 10 14,,1,sub_021d6e sub_0228f8 sub_022b06,,3,,todo
0228f8,sub_0228f8,C,48,4,,,2,sub_01816c sub_022df2,,1,,todo
022928,sub_022928,C,30,0,8,,1,sub_022946,,1,,todo
022946,sub_022946,C,194,4,8,,1,sub_022a62 os_dos_unlock sub_022b98 sub_022d8a,exec.Supervisor,10,,todo
022a08,sub_022a08,asm,84,,,,0,sub_022d7e sub_022d8a sub_022de6,,6,,todo
022a5c,sub_022a5c,asm,6,,,,0,,,0,,todo
022a62,sub_022a62,C,76,0,8,,2,sub_022ab2,,3,,todo
022aae,os_dos_close,asm,4,,,-31800,6,sub_022ab2,,0,,todo
022ab2,sub_022ab2,asm,12,,,,2,,dos.Close,1,,todo
022abe,sub_022abe,asm,12,,,,1,,dos.CurrentDir,1,,todo
022aca,os_dos_delete_file,asm,4,,,-31794,1,sub_022ace,,0,,todo
022ace,sub_022ace,asm,12,,,,2,,dos.DeleteFile,1,,todo
022ada,os_dos_examine,asm,18,,,-31788,3,,dos.Examine,1,,todo
022aec,os_dos_ex_next,asm,14,,,-31782,1,,dos.ExNext,1,,todo
022afa,sub_022afa,asm,8,,,,1,,dos.Input,1,,todo
022b02,os_dos_io_err,asm,4,,,-31776,4,sub_022b06,,0,,todo
022b06,sub_022b06,asm,8,,,,3,,dos.IoErr,1,,todo
022b0e,sub_022b0e,asm,12,,,,1,,dos.IsInteractive,1,,todo
022b1a,os_dos_lock,asm,18,,,-31770,3,,dos.Lock,1,,todo
022b2c,os_dos_open,asm,4,,,-31764,6,sub_022b30,,0,,todo
022b30,sub_022b30,asm,14,,,,3,,dos.Open,1,,todo
022b3e,os_dos_read,asm,18,,,-31758,4,,dos.Read,1,,todo
022b50,os_dos_unlock,asm,16,,,-31752,4,,dos.UnLock,1,,todo
022b60,os_dos_write,asm,4,,,-31746,2,sub_021d6e,,0,,todo
022b64,sub_022b64,asm,24,,,,1,,exec.Alert,1,,todo
022b7c,os_avail_mem,asm,12,,,,1,,exec.AvailMem,1,,drop
022b88,sub_022b88,asm,12,,,,1,,exec.CloseDevice,1,,todo
022b94,sub_022b94,asm,4,,,,1,sub_022b98,,0,,todo
022b98,sub_022b98,asm,12,,,,2,,exec.CloseLibrary,1,,todo
022ba4,create_port,C,140,0,8 15,,1,sub_022c76 sub_022c82 sub_022d36 sub_022d6e sub_022d9a sub_022db2,,0,,drop
022c30,sub_022c30,C,70,0,8,,1,sub_022d86 sub_022d9a sub_022dda,,0,,todo
022c76,sub_022c76,asm,12,,,,1,,exec.AddPort,1,,todo
022c82,sub_022c82,asm,12,,,,1,,exec.AllocSignal,1,,todo
022c8e,create_std_io,C,22,0,8,,1,create_ext_io,,0,,drop
022ca4,sub_022ca4,C,18,0,8,,1,sub_022cfa,,0,,todo
022cb6,create_ext_io,C,68,0,8 12 14,,2,sub_022d36,,0,,drop
022cfa,sub_022cfa,C,60,0,8,,2,sub_022d86,,0,,todo
022d36,sub_022d36,asm,4,,,,4,sub_022d3a,,0,,todo
022d3a,sub_022d3a,asm,14,,,,4,,exec.AllocMem,1,,todo
022d48,os_disable,asm,8,,,-31740,2,,exec.Disable,1,,todo
022d50,os_do_io,asm,22,,,,2,,exec.DoIO,1,,drop
022d66,os_enable,asm,8,,,-31734,2,,exec.Enable,1,,todo
022d6e,sub_022d6e,asm,4,,,,1,sub_022d72,,0,,todo
022d72,sub_022d72,asm,12,,,,2,,exec.FindTask,1,,todo
022d7e,sub_022d7e,asm,8,,,,1,,exec.Forbid,1,,todo
022d86,sub_022d86,asm,4,,,,4,sub_022d8a,,0,,todo
022d8a,sub_022d8a,asm,16,,,,5,,exec.FreeMem,1,,todo
022d9a,sub_022d9a,asm,12,,,,2,,exec.FreeSignal,1,,todo
022da6,sub_022da6,asm,12,,,,1,,exec.GetMsg,1,,todo
022db2,sub_022db2,asm,18,,,,1,,,0,,todo
022dc4,os_open_device,asm,22,,,,1,,exec.OpenDevice,1,,drop
022dda,sub_022dda,asm,12,,,,1,,exec.RemPort,1,,todo
022de6,sub_022de6,asm,12,,,,1,,exec.ReplyMsg,1,,todo
022df2,sub_022df2,asm,14,,,,1,,exec.SetSignal,1,,todo
022e00,sub_022e00,asm,12,,,,1,,exec.WaitPort,1,,todo
022e0c,gfx_BltBitMap,asm,34,,,-31728,1,,graphics.BltBitMap,1,,todo
022e2e,gfx_BltClear,asm,18,,,-31722,4,,graphics.BltClear,1,,todo
022e40,sub_022e40,asm,8,,,,1,,graphics.DisownBlitter,1,,todo
022e48,os_gfx_draw,asm,18,,,-31716,3,,graphics.Draw,1,,todo
022e5a,gfx_InitBitMap,asm,18,,,-31710,2,,graphics.InitBitMap,1,,todo
022e6c,gfx_InitRastPort,asm,12,,,-31704,2,,graphics.InitRastPort,1,,todo
022e78,os_gfx_move,asm,18,,,-31698,10,,graphics.Move,1,,todo
022e8a,sub_022e8a,asm,8,,,,1,,graphics.OwnBlitter,1,,todo
022e92,os_gfx_rect_fill,asm,18,,,-31692,3,,graphics.RectFill,1,,todo
022ea4,os_gfx_set_apen,asm,16,,,-31686,7,,graphics.SetAPen,1,,todo
022eb4,os_gfx_set_bpen,asm,16,,,-31680,1,,graphics.SetBPen,1,,todo
022ec4,os_gfx_set_drmd,asm,16,,,-31674,6,,graphics.SetDrMd,1,,todo
022ed4,os_gfx_text,asm,26,,,-31668,4,,graphics.Text,1,,todo
022eee,gfx_WaitTOF,asm,8,,,-31662,8,,graphics.WaitTOF,1,,todo
022ef6,sub_022ef6,asm,14,,,,1,,base@g_027fce LVO -96,1,,todo
022f04,sub_022f04,asm,12,,,,1,,base@g_027fce LVO -90,1,,todo
022f10,sub_022f10,asm,12,,,,1,,base@g_027fce LVO -78,1,,todo
022f1c,os_close_window,asm,12,,,,1,,intuition.CloseWindow,1,,drop
022f28,os_close_workbench,asm,8,,,,1,,intuition.CloseWorkBench,1,,drop
022f30,os_console_raw_key_convert,asm,28,,,,1,,base@g_027f6a LVO -48,1,,replace
